{"results":[{"filePath":"https://notion-emojis.s3-us-west-2.amazonaws.com/prod/svg-twitter/1f9d1-1f3fb-200d-1f4bb.svg","success":false,"error":{"methodName":"constructor"}},{"filePath":"next-steps.html","success":true},{"filePath":"manifest.json","success":true},{"filePath":"pwabuilder-sw/pwabuilder-sw-register.js","success":true},{"filePath":"pwabuilder-sw/pwabuilder-sw.js","success":true}],"errors":[{"filePath":"https://notion-emojis.s3-us-west-2.amazonaws.com/prod/svg-twitter/1f9d1-1f3fb-200d-1f4bb.svg","success":false,"error":{"methodName":"constructor"}}]}